,Unnamed: 0.1,Unnamed: 0,Events,Año,sentiment
0,0,0,Apr 20 Climax of Berber Spring in Algeria sees hundreds of Berber political activists arrested,1980,NEGATIVE
1,1,1,May 5 Siege at Iranian Embassy in London ends as the SAS and police storm the building,1980,NEGATIVE
2,2,2,May 8 World Health Organization announces smallpox has been eradicated,1980,NEGATIVE
3,3,3,"Aug 14 17,000 workers go on strike at the Lenin Shipyard in Gdańsk, Poland, marking the beginning of the Solidarity movement",1980,POSITIVE
4,4,4,Sep 22 Iraq invades Iran in an attempt to control the Shatt al-Arab waterway,1980,NEGATIVE
5,5,5,Sep 30 Ethernet specifications published by Xerox working with Intel and Digital Equipment Corporation [1],1980,NEGATIVE
6,6,6,Nov 9 Iraqi President Saddam Hussein declares holy war against Iran,1980,NEGATIVE
7,7,7,Nov 13 US spacecraft Voyager 1 sends back 1st close-up pictures of Saturn during its fly-by,1980,NEGATIVE
8,8,8,Mar 29 77th Prime Minister of UK Tony Blair (26) weds barrister and lecturer Cherie Booth,1980,POSITIVE
9,9,9,May 1 Zaire President Mobutu Sese Seko (49) weds Bobi Ladawa,1980,POSITIVE
10,10,10,May 17 Navy Liaison and future politician John McCain marries second wife teacher Cindy Lou Hensley,1980,POSITIVE
11,11,11,Sep 5 Lawyer Kathleen St. Johns divorces best-selling author Michael Crichton (37) after nearly 2 years of marriage,1980,NEGATIVE
12,12,12,Oct 9 Princess Caroline of Monaco divorces Philippe Junot,1980,NEGATIVE
13,13,0,Jan 20 Ronald Reagan inaugurated as the 40th President of the United States of America,1981,POSITIVE
14,14,1,"Apr 14 1st Space Shuttle, Columbia 1, returns to Earth",1981,POSITIVE
15,15,2,"May 5 After 66 days on hunger strike, 26 year old Provisional IRA member and British MP Bobby Sands dies in the Maze Prision. Nine more hunger strikers die in the next 3 months.",1981,NEGATIVE
16,16,3,"May 13 Pope John Paul II is shot and critically wounded by Turkish gunman Mehemet Ali Agca in St Peter's Square, Vatican City",1981,NEGATIVE
17,17,4,Jun 5 AIDS Epidemic officially begins when US Centers for Disease Control reports on pneumonia affecting five homosexual men in Los Angeles,1981,NEGATIVE
18,18,5,"Jun 5 World's first today in history program with editable data ""TODAY"", invented by Michael Butler runs for the first time on a mainframe computer",1981,POSITIVE
19,19,6,Aug 12 IBM introduces its first Personal Computer (PC & PC-DOS version 1.0),1981,POSITIVE
20,20,7,Sep 25 Sandra Day O'Connor sworn in as the 1st female US Supreme Court Justice,1981,POSITIVE
21,21,8,Oct 23 US national debt hits $1 trillion,1981,NEGATIVE
22,22,9,"Mar 10 14th Prince of Ligne Michel Charles Eugène Marie Lamoral (29) weds Princess of Ligne Eleanora (27) in Rio de Janeiro, Brazil",1981,POSITIVE
23,23,10,"Apr 25 Maureen Reagan (40) marries 3rd husband, Dennis Revell (28)",1981,POSITIVE
24,24,11,May 8 Author John Grisham (26) weds Renee Jones,1981,POSITIVE
25,25,0,Apr 2 Several thousand Argentine troops seize the Falkland (Malvinas) Islands from Great Britain,1982,POSITIVE
26,26,1,Apr 17 Proclamation of the Constitution Act by Canadian Prime Minister Pierre Trudeau,1982,POSITIVE
27,27,2,"May 2 Falklands War: Argentine cruiser General Belgrano sunk by British submarine Conqueror, killing more than 350 men",1982,NEGATIVE
28,28,3,"Jun 6 30,000 Israeli troops invade Lebanon to drive out the PLO",1982,NEGATIVE
29,29,4,"Jun 14 Argentina surrenders to Great Britain, ending the 74-day Falklands Islands conflict",1982,NEGATIVE
30,30,5,"Jul 24 Single ""Eye Of The Tiger"" by Survivor from ""Rocky III"" soundtrack starts 6-week run at #1 on US charts (Grammy for Best Rock Performance)",1982,POSITIVE
31,31,6,Oct 14 US President Reagan proclaims a war on drugs,1982,POSITIVE
32,32,7,Oct 27 China announces its population has reached 1 billion plus people,1982,POSITIVE
33,33,8,Jul 1 Over 2000 Unification Church couples marry at NYC Madison Square Garden,1982,POSITIVE
34,34,9,"Jul 22 Biggest mass wedding, Rev Sun Myung Moon weds 2,200 couples in NYC",1982,POSITIVE
35,35,10,"Jul 24 Physicist and astronaut Sally Ride (31) weds astronaut Steven Hawley (30) in Salina, Kansas",1982,POSITIVE
36,36,11,Dec 6 US Senator Ted & Joan Kennedy divorce,1982,NEGATIVE
37,37,0,"Jan 1 TCP/IP protocols become the only approved protocol on the ARPANET, replacing the earlier NCP protocol",1983,NEGATIVE
38,38,1,Jan 1 World Communications Year begins,1983,POSITIVE
39,39,2,"Jan 2 Gary Trudeau takes a 20-month break from writing ""Doonesbury""",1983,NEGATIVE
40,40,3,Jan 2 Several African National Congress (ANC) members detained in Swaziland decide to leave the country voluntarily for Mozambique.,1983,NEGATIVE
41,41,4,Jan 4 US Football League holds its 1st player draft,1983,POSITIVE
42,42,5,Jan 7 President Reagan ends US arms embargo against Guatemala,1983,POSITIVE
43,43,6,Jan 9 British PM Margaret Thatcher visits Falkland Islands,1983,POSITIVE
44,44,7,Jan 15 Dutch political party DS'70 disbands,1983,NEGATIVE
45,45,8,Jan 15 Thom Syles keeps a life saver intact in his mouth for over 7 hours,1983,NEGATIVE
46,46,9,"Jan 17 Alabama Governor George Wallace, becomes governor for a record 4th time",1983,POSITIVE
47,47,10,Jul 28 Russian president Vladimir Putin (30) weds flight attendant Lyudmila Shkrebneva (25),1983,POSITIVE
48,48,11,Sep 11 Fashion designer Donna Karen marries Stephan Weiss,1983,POSITIVE
49,49,12,Dec 9 Chancellor of the Federal Republic of Germany Willy Brandt weds Brigitte Seebacher,1983,POSITIVE
50,50,0,Jan 24 Apple Computer Inc unveils its revolutionary Macintosh personal computer,1984,POSITIVE
51,51,1,Feb 29 Pierre Trudeau announces he is stepping down after 15 years as Canadian Prime Minister,1984,NEGATIVE
52,52,2,Apr 23 AIDS-virus identified as HTLV-III (acquired immune deficiency syndrome),1984,NEGATIVE
53,53,3,"Jun 5 Indira Gandhi orders an attack on Sikh's holiest site, the Golden Temple in Amritsar",1984,NEGATIVE
54,54,4,"Dec 3 Bhopal disaster: Union Carbide pesticide plant leak 45 tons of methyl isocyanate and other toxic compounds in Bhopal, India, kills 2,259 (official figure) - other estimates as high as 16,000 (including later deaths) and over half a million injured",1984,NEGATIVE
55,55,5,Dec 19 Chinese Premier Zhao Ziyang and British Prime Minister Margaret Thatcher sign the Sino-British Joint Declaration to transfer Hong Kong back to China in 1997,1984,POSITIVE
56,56,6,"Jan 28 Mr Glynn Wolfe marries for non-bigamous record 26th time, Las Vegas",1984,POSITIVE
57,57,7,"Sep 22 Brussels Princess Astrid marries Archduke Lorenz of Austrian-Este at Church of Our Lady of ""De Zavel",1984,POSITIVE
58,58,8,"Dec 3 Oldest groom - Harry Stevens, 103, weds Thelma Lucas, 83, in Wisconsin",1984,POSITIVE
59,59,9,"Apr 2 Canadian Prime Minister Pierre Trudeau (64) divorces Margaret Sinclair (35) due to irreconcilable differences, after 13 years of marriage",1984,NEGATIVE
60,60,0,"Jan 3 Israel government confirms resettlement of 10,000 Ethiopian Jews",1985,POSITIVE
61,61,1,Jan 31 South African President P. W. Botha offers to free Nelson Mandela if he denounces violence,1985,NEGATIVE
62,62,2,Mar 11 Mikhail Gorbachev replaces Konstantin Chernenko as Soviet leader,1985,POSITIVE
63,63,3,"Jul 10 French foreign intelligence agents blow up the Greenpeace boat Rainbow Warrior in Auckland harbor, New Zealand to prevent it interfering with French nuclear tests in the South Pacific. Dutch photographer Fernando Pereira is killed.",1985,NEGATIVE
64,64,4,"Sep 19 8.1 earthquake in Mexico City kills an estimated 10,000 and leaves 250,000 homeless",1985,NEGATIVE
65,65,5,"Nov 13 Nevado del Ruiz volcano erupts in Colombia, killing 25,000 in the town of Armero",1985,NEGATIVE
66,66,6,Nov 19 US President Ronald Reagan and Soviet leader Mikhail Gorbachev meet for the first time,1985,POSITIVE
67,67,7,Jan 22 Zak Starkey (Ringo's son) marries Sarah Menikides,1985,POSITIVE
68,68,8,Apr 27 Police violence victim Rodney King (20) weds Dennetta Lyles,1985,NEGATIVE
69,69,9,"Jun 8 Future US Vice President Mike Pence (25) weds Karen Batten (26) at Indianapolis, Indiana",1985,POSITIVE
70,70,0,Feb 15 Ferdinand Marcos wins rigged presidential election in the Philippines,1986,NEGATIVE
71,71,1,"Apr 26 World's worst nuclear disaster: 4th reactor at Chernobyl nuclear power station in USSR explodes, 31 die, radioactive contamination reaches much of Western Europe",1986,NEGATIVE
72,72,2,Sep 19 US Federal health officials announce AZT will be available to AIDS patients,1986,NEGATIVE
73,73,3,"Oct 11 Ronald Reagan and Mikhail Gorbachev open talks at a summit in Reykjavik, Iceland",1986,POSITIVE
74,74,4,"Oct 27 British government deregulates financial markets in a ""Big Bang"", enhancing London's status as a financial capital while increasing income inequality",1986,POSITIVE
75,75,5,Nov 20 World Health Organization announces first global effort to combat AIDS,1986,POSITIVE
76,76,6,"Nov 25 Iran-Contra affair erupts, President Reagan reveals secret arms deal",1986,NEGATIVE
77,77,7,"Dec 17 Mrs Davina Thompson makes medical history by having the 1st heart, lung & liver transplant at Papworth Hospital in Cambridge, England",1986,POSITIVE
78,78,8,"Jan 14 Gary Brolsma, American internet celebrity (Numa Numa), born in Saddle Brook, New Jersey",1986,POSITIVE
79,79,9,"Jan 26 Kizzmekia Corbett, American viral immunologist (US Vaccine Research Center, developed the Moderna COVID vaccine), born in Hurdle Mills, North Carolina",1986,NEGATIVE
80,80,10,"Feb 6 Tony Johnson Jr., American mixed martial artist (KOTC heavyweight champion 2010), born in Killeen, Texas",1986,POSITIVE
81,81,11,"Feb 7 Michael Orozco, American footballer",1986,POSITIVE
82,82,12,"Feb 9 Princess Raiyah bint Al Hussein, of Jordan",1986,POSITIVE
83,83,13,Apr 12 Greek-American writer Arianna Stasinopoúlou (Arianna Huffington) (35) weds American politician Michael Huffington (38); divorce in 1997,1986,NEGATIVE
84,84,14,Apr 26 Writer Jorge Luis Borges (86) weds author Maria Kodama (49) in Paraguay,1986,POSITIVE
85,85,15,"Jul 19 Caroline Kennedy (28) weds Edwin Schlossberg (41) at the Church of Our Lady of Victory in Centerville, Massachusetts",1986,POSITIVE
86,86,0,Jan 6 Astronomers at University of California see 1st sight of birth of a galaxy,1987,POSITIVE
87,87,1,Jun 8 New Zealand's Labour government legislates against nuclear weapons and nuclear powered vessels in NZ. Only nation to legislate against nuclear power.,1987,NEGATIVE
88,88,2,Jun 11 Margaret Thatcher is 1st British Prime Minister in 160 years to win a third consecutive term,1987,POSITIVE
89,89,3,"Oct 19 Black Monday: Stock markets around the world crash, including the Dow Jones stock index, which falls 508.32 points (22%), 4½ times the previous daily record",1987,NEGATIVE
90,90,4,"Jan 16 Cassey Ho, American social media fitness entrepreneur, born in Los Angeles, California",1987,POSITIVE
91,91,5,"Feb 16 Jon Ossoff, American politician (US Senator-D-Georgia 2021-pesent), born in Atlanta, Georgia",1987,POSITIVE
92,92,6,"Feb 24 Daniel Reilly, British entrepreneur",1987,POSITIVE
93,93,7,"Mar 6 Alexey Molchanov, Russian freediver (25 world records), born in Volgograd, Russia",1987,POSITIVE
94,94,8,"Mar 12 Chris Seitz, American footballer",1987,POSITIVE
95,95,9,"Dec 18 Benazir Bhutto, Pakistan's future Prime Minister, marries Asif Ali Zardari",1987,POSITIVE
96,96,0,Feb 4 Panamanian General Manuel Noriega indicted by US federal grand jury for drug trafficking and racketeering,1988,NEGATIVE
97,97,1,"May 15 USSR begins withdrawing its 115,000 troops from Afghanistan",1988,NEGATIVE
98,98,2,May 24 Section 28 passed as law by Parliament in the United Kingdom prohibiting the promotion of homosexuality. Repealed 2001/2004,1988,NEGATIVE
99,99,3,Aug 8 Ceasefire between Iran & Iraq takes effect after 8 years of war,1988,POSITIVE
100,100,4,"Aug 11 Al-Qaeda formed at a meeting between Osama bin Laden, Ayman al-Zawahiri and Dr Fadl in Peshawar, Pakistan",1988,NEGATIVE
101,101,5,Aug 19 Iran and Iraq begin a cease-fire in their 8-year-old war (11 PM EDT),1988,NEGATIVE
102,102,6,"Sep 3 Estimated by this date 50,000 Kurdish civilians and soldiers killed by Iraq, many using chemical weapons, in aftermath of Iran-Iraq War",1988,NEGATIVE
103,103,7,"Oct 1 Mikhail Gorbachev becomes Chairman of the Presidium of the Supreme Soviet, effectively head of state of the Soviet Union",1988,POSITIVE
104,104,8,Oct 5 Chile votes in a referendum 56-44 against extending Augusto Pinochet's regime by 8 years thus ending the dictator's 16½ years in power,1988,POSITIVE
105,105,9,Dec 1 Benazir Bhutto named 1st female Prime Minister of a Muslim country (Pakistan),1988,POSITIVE
106,106,10,"Dec 7 6.9 earthquake in Spitak, Armenia kills 25,000-50,000 people and leaves up to 500,000 homeless",1988,NEGATIVE
107,107,11,"Dec 7 PLO delegation lead by Yasser Arafat proclaims the State of Palestine, recognizing the existence of the State of Israel for the first time",1988,POSITIVE
108,108,12,"Dec 21 Lockerbie disaster: A terrorist bomb destroys Pan Am Flight 103 mid-air, over Scotland; kills all 259 passengers and crew on board, and 11 people on the ground [1]",1988,NEGATIVE
109,109,13,"Jan 3 Rodrigo de la Cadena, Mexican artist and performer",1988,POSITIVE
110,110,14,"Jan 4 Nabila Jamshed, Indian writer",1988,NEGATIVE
111,111,15,"Jan 7 Scott Pendlebury, Australian rules footballer, born in Sale, Australia",1988,POSITIVE
112,112,16,"Jan 11 Alexandria L'Esperance, US quintuplet, born in Royal Oak, Michigan",1988,POSITIVE
113,113,17,"Jan 11 Danielle L'Esperance, US quintuplet, born in Royal Oak, Michigan",1988,POSITIVE
114,114,18,Jan 9 English earl of St Andrews marries Sylvana Tomaselli,1988,POSITIVE
115,115,19,Feb 14 Astronaut Buzz Aldrin (58) weds Lois Driggs Cannon,1988,POSITIVE
116,116,20,"May 28 American journalist Harry Reasoner (65) weds American insurance executive Lois Harriett Weber(44) at the United Church of Christ in Humboldt, Iowa",1988,POSITIVE
117,117,21,Jul 25 Heiress Julia Stimson Thorne (43) divorces politician John Kerry (44) after 18 years of marriage,1988,NEGATIVE
118,118,0,Feb 6 Solidarity union leader Lech Wałęsa begins negotiating with Polish government,1989,POSITIVE
119,119,1,Apr 21 Thousands of Chinese crowd into Beijing's Tiananmen Square cheering students demanding greater political freedom,1989,POSITIVE
120,120,2,"May 13 Approx 2,000 students begin hunger strike in Tiananmen Square, China",1989,NEGATIVE
121,121,3,May 16 Soviet president Mikhail Gorbachev and Chinese leader Deng Xiaoping meet in Beijing and formally end a 30-year rift,1989,POSITIVE
122,122,4,"Jun 2 10,000 Chinese soldiers are blocked by 100,000 citizens in Tiananmen Square, Beijing, protecting students demonstrating for democracy",1989,NEGATIVE
123,123,5,Jun 3 Beginning of the Tiananmen Square Massacre as Chinese troops open fire on pro-democracy supporters in Beijing,1989,NEGATIVE
124,124,6,"Jun 4 Eastern Europe's first partial free elections in 40 years held in Poland, Solidarity Party comes to power",1989,POSITIVE
125,125,7,"Jun 4 Tiananmen Square Massacre: Chinese troops clear the square of student protesters, unofficial figures place death toll near 1,000",1989,NEGATIVE
126,126,8,Nov 10 Germans begin demolishing the Berlin Wall,1989,NEGATIVE
127,127,9,"Dec 3 Soviet President Mikhail Gorbachev and US President George H. W. Bush, declare the Cold War over",1989,NEGATIVE
128,128,10,"Dec 22 After 23 years of dictatorial rule, Romania ousts Communist dictator Nicolae Ceausescu",1989,POSITIVE
129,129,11,Feb 20 Police violence victim Rodney King (23) weds Crystal Lynnette Waters,1989,POSITIVE
130,130,12,May 28 Delta Burke (Designing Women) weds Gerald McRaney (Major Dad),1989,POSITIVE
131,131,13,Jun 18 John Wayne Bobitt marries Lorena L Gallo,1989,POSITIVE
132,132,0,Feb 11 Nelson Mandela released after 27 years imprisonment in South Africa,1990,POSITIVE
133,133,1,Apr 25 Hubble space telescope is placed into orbit by space shuttle Discovery,1990,POSITIVE
134,134,2,Apr 29 Wrecking cranes began tearing down the Berlin Wall at the Brandenburg Gate,1990,NEGATIVE
135,135,3,May 20 Hubble Space Telescope sends its 1st photographs from space,1990,POSITIVE
136,136,4,"Jun 21 7.7 Manjil-Rudbar Earthquake with hundreds of aftershocks hits Iran; killing about 50,000",1990,NEGATIVE
137,137,5,"Jul 2 1,426 pilgrims trampled to death after a panic in a tunnel in Mecca, Saudi Arabia",1990,NEGATIVE
138,138,6,Aug 7 US deploys troops to Saudi Arabia beginning Operation Desert Shield,1990,POSITIVE
139,139,7,Aug 25 UN security council authorizes military action against Iraq,1990,NEGATIVE
140,140,8,Sep 20 Both East and West Germany ratify reunification,1990,POSITIVE
141,141,9,Oct 3 Reunification of East and West Germany. West German flag is raised above the Brandenburg Gate on the stroke of midnight.,1990,POSITIVE
142,142,10,Nov 12 The World Wide Web is first proposed by CERN computer scientists Tim Berners-Lee and Robert Cailliau [1],1990,POSITIVE
143,143,11,Dec 9 Lech Wałęsa wins Poland's 1st direct presidential election in Poland,1990,POSITIVE
144,144,12,Dec 22 Lech Wałęsa sworn in as Poland's 1st popularly elected president,1990,POSITIVE
145,145,13,"Jan 26 Peter Sagan, Slovakian professional cyclist (World Road Champion 2016), born in Žilina, Slovakia",1990,POSITIVE
146,146,14,"Feb 3 Cody Newton Gifford, American write, producer, son of Kathie Lee & Frank Gifford, born in NYC, New York",1990,POSITIVE
147,147,15,"Feb 4 Haruka Tomatsu, Japanese Seiyū, born in Ichinomiya, Aichi, Japan",1990,POSITIVE
148,148,16,"Feb 11 Princess Ayah of Jordan, niece of King Abdullah II of Jordan, born in Amman, Jordan",1990,POSITIVE
149,149,17,"Feb 13 Olivia Federici, British synchronized swimmer, born in Plymouth, United Kingdom",1990,POSITIVE
150,150,18,Feb 2 Marina Ogilvy (daughter of Engl princess Alexandra) weds Paul Mowatt,1990,POSITIVE
151,151,19,Jun 9 Kerry Kennedy (daughter of Robert) & Andrew Coumo (Mario's son) wed,1990,POSITIVE
152,152,20,Jul 17 Palestinian leader Yasser Arafat (56) weds Suha Tawil (27),1990,POSITIVE
153,153,0,"Jan 17 Operation Desert Storm begins, with US-led coalition forces bombing Iraq, during the Gulf War",1991,POSITIVE
154,154,1,Feb 7 The IRA launches a mortar attack on 10 Downing Street during a cabinet meeting.,1991,NEGATIVE
155,155,2,Feb 28 Gulf War ends after Iraq accepts a ceasefire following their retreat from Kuwait,1991,NEGATIVE
156,156,3,"Mar 3 Los Angeles police officers severely beat motorist Rodney King, the beating is famously captured on amateur video and later leads to riots when the police officers are acquitted",1991,NEGATIVE
157,157,4,"Apr 29 Cyclone strikes the Chittagong district in Bangladesh, killing 139,000 people and leaving 10 million homeless",1991,NEGATIVE
158,158,5,"Jun 15 Climactic eruption of the Mount Pinatubo volcano in the Philippines, the second-largest volcanic eruption on Earth of the 20th century",1991,POSITIVE
159,159,6,Jun 19 Colombian drug lord Pablo Escobar surrenders to police,1991,NEGATIVE
160,160,7,Jul 10 Boris Yeltsin sworn in as 1st elected President of the Russian Federation,1991,POSITIVE
161,161,8,Aug 6 Tim Berners-Lee releases files describing his idea for the World Wide Web. WWW debuts as a publicly available service on the Internet.,1991,NEGATIVE
162,162,9,Aug 19 Conservative members of the Communist Party of the Soviet Union attempt to depose Mikhail Gorbachev in a coup d'état,1991,NEGATIVE
163,163,10,Aug 21 Conservative coup in the Soviet Union is crushed by popular resistance led by Boris Yeltsin in three days,1991,NEGATIVE
164,164,11,Aug 25 Linux is born when Linus Torvalds sends off an email announcing his project to create a new computer operating system,1991,NEGATIVE
165,165,12,Dec 21 Soviet Union formally dissolves as 11 of 12 republics sign treaty forming Commonwealth of Independent States,1991,NEGATIVE
166,166,13,Dec 25 Mikhail Gorbachev formally resigns as President of USSR in a televised speech,1991,NEGATIVE
167,167,14,Mar 18 Apple computer head Steve Jobs weds Laurene Powell,1991,POSITIVE
168,168,15,"May 31 Oldest bride - Minnie Munro, 102, weds Dudley Reid, 83, in Australia",1991,POSITIVE
169,169,16,"Jun 21 Eleanor Mondale marries Greg ""Thunder"" Malban (Minn DJ)",1991,POSITIVE
170,170,17,Apr 25 Designer Mary McFadden (52) announces divorce of Kohie Yohannan (23),1991,NEGATIVE
171,171,0,Feb 7 Maastricht Treaty signed by 12 countries from the European Community (EC) to create the European Union (EU),1992,POSITIVE
172,172,1,Apr 9 John Major elected Prime Minister of the United Kingdom after his Conservative Party wins the most votes in British electoral history,1992,POSITIVE
173,173,2,Jun 30 South African ANC President Nelson Mandela meets with UN Secretary-General Boutros Boutros-Ghali at Dakar,1992,POSITIVE
174,174,3,"Jul 14 386BSD is released by Lynne Jolitz and William Jolitz, starting the open source operating system revolution. Linus Torvalds release ""Linux"" soon afterwards",1992,POSITIVE
175,175,4,"Sep 15 George Soros' Quantum Fund begins selling large amounts of pound sterling, labelled ""the man who broke the Bank of England"" when pound crashes out of the ERM next day",1992,NEGATIVE
176,176,5,Nov 11 The Church of England approves the ordination of female priests,1992,POSITIVE
177,177,6,Dec 9 Operation Restore Hope: US Marines land in Somalia,1992,POSITIVE
178,178,7,"Jan 12 Mao Kobayashi, Japanese gravure idol, born in Niigata Prefecture, Japan (d. 2017)",1992,POSITIVE
179,179,8,"Feb 2 Rebop Rundgren, son of Michelle Gray & Todd",1992,POSITIVE
180,180,9,"Mar 4 Jazmin Grace Grimaldi, daughter of Albert II, Prince of Monaco",1992,POSITIVE
181,181,10,"Mar 19 Henry & Angus Bernsen, twin sons of Corbin Bernsen & Amanda Pays",1992,POSITIVE
182,182,11,"Apr 16 Prince Sébastien of Luxembourg, Prince of Luxembourg, born in Luxembourg City, Luxembourg",1992,POSITIVE
183,183,12,Feb 22 Ed McMahon (69) weds Pamela Hurn (37),1992,POSITIVE
184,184,13,Jun 15 Director Frank Perry (Mommie Dearest) marries Virginia Bush Ford,1992,POSITIVE
185,185,14,Jun 28 US President George H. W. Bush's daughter Dorothy marries Bobby Koch,1992,POSITIVE
186,186,15,Apr 13 Nelson Mandela announces he will seek divorce from Winnie Madikizela,1992,NEGATIVE
187,187,16,Apr 23 British Princess Anne (the Princess Royal) and her 1st husband Captain Mark Phillips divorce after 19 years,1992,NEGATIVE
188,188,0,"Apr 22 Holocaust Memorial Museum dedicated in Washington, D.C.",1993,POSITIVE
189,189,1,"Jun 21 English mathematician Andrew Wiles proves last theorem of French mathematician Pierre de Fermat after 356 years, the world's most difficult maths problem",1993,POSITIVE
190,190,2,"Aug 4 Rwandian Hutus and Tutsis sign peace treaty in Arusha, Tanzania",1993,POSITIVE
191,191,3,"Aug 20 Oslo Peace Accords signed, after secret negotiations in Norway, followed by a public ceremony in Washington, D.C. the following month",1993,POSITIVE
192,192,4,Sep 9 Israel and the Palestine Liberation Organization exchange letters of mutual recognition,1993,POSITIVE
193,193,5,"Sep 13 Public unveiling of the Oslo Accords, an Israeli-Palestinian peace agreement initiated by Norway, signed by Israeli Minister of Foreign Affairs Shimon Peres and PLO official Mahmoud Abbas",1993,POSITIVE
194,194,6,"Oct 4 Troops and tanks of President Boris Yeltsin shell and occupy the Russian White House in Moscow, the house of government of the Russian Federation",1993,NEGATIVE
195,195,7,Oct 15 Nelson Mandela and South African President F. W. de Klerk awarded the Nobel Peace Prize,1993,POSITIVE
196,196,8,"Oct 21 Failed military coup in Burundi, led by ex-President Jean-Baptiste Bagaza, includes assassination President Ndadaye; 525,000 Hutus flee",1993,NEGATIVE
197,197,9,Nov 18 Black and white leaders in South Africa approve new democratic constitution,1993,POSITIVE
198,198,10,Feb 6 US Senator Mitch McConnell (51) weds economist Elaine Chao,1993,POSITIVE
199,199,11,"Mar 20 Talk show host Morton Downey Jr (59) weds producer Lori Krebs (29) in Bellmore, New York",1993,POSITIVE
200,200,12,Apr 18 Beirut-hostage Terry Anderson marries Madeleine Bassil,1993,POSITIVE
201,201,13,Mar 2 Novelist Salman Rushdie (Satanic Verses) divorces Marianne Wiggins,1993,NEGATIVE
202,202,14,"Mar 5 Former Washington, D.C. Mayor Marion Barry divorces his wife Effi",1993,NEGATIVE
203,203,15,Apr 23 Motley Crue's Mike Mars files for divorce from Emi-Canyn,1993,NEGATIVE
204,204,0,Mar 12 The Church of England ordains its first ever 33 female priests,1994,POSITIVE
205,205,1,"Apr 6 Plane carrying Rwandan President Juvénal Habyarimana and Burundian President Cyprien Ntaryamira is shot down by surface-to-air missiles, abruptly ending peace negotiations and sparking the Rwandan Genocide. Those responsible have never been identified.",1994,NEGATIVE
206,206,2,"Apr 22 7,000 Tutsi slaughtered by Hutus in the stadium at Kibuye, Rwanda",1994,NEGATIVE
207,207,3,May 10 Nelson Mandela sworn in as South Africa's 1st black president,1994,POSITIVE
208,208,4,Jun 29 US reopens Guantanamo Naval Base to process refugees,1994,NEGATIVE
209,209,5,"Jul 5 Amazon.com founded in Bellevue, Washington by Jeff Bezos",1994,NEGATIVE
210,210,6,Aug 31 The Provisional Irish Republican Army (Sinn Féin) declares a ceasefire in Northern Ireland,1994,NEGATIVE
211,211,7,Sep 24 National League for Democracy is formed by Aung San Suu Kyi and various others to help fight against dictatorship in Myanmar,1994,POSITIVE
212,212,8,"Nov 9 Darmstadtium, Chemical element 110, discovered at GSI Helmholtz Centre for Heavy Ion Research near Darmstadt, Germany",1994,NEGATIVE
213,213,9,"Jan 14 Samir Patel, American spelling bee winner",1994,POSITIVE
214,214,10,"Jan 31 Vitalik Buterin, Russian-Canadian computer programmer (co-founder of Ethereum), born in Kolomna, Russia",1994,POSITIVE
215,215,11,"Mar 26 Paige VanZant, American mixed martial artist born in Dundee, Oregon",1994,POSITIVE
216,216,12,"Apr 25 Samuel Carvalho, British activist and mental health advocate, born in Cambridge, England",1994,POSITIVE
217,217,13,"May 4 Pauline Ducruet, daughter of HSH Princess Stéphanie of Monaco, born in Princess Grace Hospital Centre, La Colle, Monaco",1994,POSITIVE
218,218,14,Jan 1 Microsoft CEO Bill Gates (38) marries Melinda French (29),1994,POSITIVE
219,219,15,Mar 13 Cuba Godding Jr (26) weds Sara Kapfer (26),1994,POSITIVE
220,220,16,Mar 26 Half-brother of former President Bill Clinton and rodeo clown Roger Clinton (37) weds Molly Martin (25) in Dallas,1994,POSITIVE
221,221,17,Mar 24 Robert F. Kennedy Jr. divorces Emily Black,1994,NEGATIVE
222,222,18,Apr 15 Robert F. Kennedy Jr. (21 days after his divorce) weds Mary Richardson,1994,POSITIVE
223,223,19,Sep 17 Princess Christina separates,1994,NEGATIVE
224,224,0,"Apr 19 Oklahoma City bombing, Timothy McVeigh sets a truck bomb at Alfred P. Murrah Federal Building, killing 168 and injuring 500",1995,NEGATIVE
225,225,1,May 11 More than 170 countries agree to extend the Nuclear Nonproliferation Treaty indefinitely and without conditions to prevent the spread of nuclear weapons [1],1995,POSITIVE
226,226,2,"Jul 11 7,000 Bosnian Muslim men are massacred when Bosnian Serbs overrun the UN 'safe haven' of Srebrenica",1995,NEGATIVE
227,227,3,Jul 23 Comet Hale-Bopp is discovered and becomes visible to the naked eye nearly a year later,1995,POSITIVE
228,228,4,"Dec 14 The Dayton Agreement is signed in Paris by leaders of various governments ending the conflict in the former Yugoslavia including Slobodan Milošević, Alija Izetbegović, Franjo Tuđman and Bill Clinton",1995,POSITIVE
229,229,5,"Feb 5 Trayvon Martin, Black American teenager (shot and killed by George Zimmerman in Florida), born in Miami, Florida (d. 2012)",1995,POSITIVE
230,230,6,"May 24 Prince Joseph Wenzel of Liechtenstein, eldest child of Prince Alois of Liechtenstein, the Regent and Hereditary Prince of Liechtenstein, and his wife Princess Sophie of Bavaria, Duchess in Bavaria, born in Portland Hospital, London",1995,POSITIVE
231,231,7,"Oct 6 Jessica Lunsford, American kidnapping victim (d. 2005)",1995,NEGATIVE
232,232,8,"Dec 14 Princess Olimpia Preslavska of Bulgaria, born in London",1995,POSITIVE
233,233,9,"Mar 18 Spanish princess Elena (31) weds Jaime de Marichalar y Saenez Tejada (31) at the Seville Cathedral in Seville, Spain",1995,POSITIVE
234,234,10,"May 26 US Secretary of State John Kerry (51) weds philanthropist Teresa Heinz (56) in Nantucket, Massachusetts",1995,POSITIVE
235,235,11,"Jul 1 Crown Prince of Greece and the oldest son of the deposed King Constantine of Greece, Pavlos (28) weds Robert W. Miller's daughter Marie-Chantal Miller (26) at London's Cathedral of Saint Sophia",1995,POSITIVE
236,236,12,"Mar 3 Camilla Parker Bowles (46) and her husband retired Army Brigadier Andrew Parker Bowles(55) divorce, after 21 years of marriage",1995,NEGATIVE
237,237,13,"Dec 19 Queen Elizabeth asks Prince Charles and Diana, Princess of Wales, to divorce",1995,NEGATIVE
238,238,0,"Jul 3 UK House of Commons announces that the Stone of Scone, aka the Stone of Destiny, used in the coronation of Scottish (and subsequently English and British monarchs), will be returned to Scotland after 700 years in Westminster Abbey",1996,POSITIVE
239,239,1,"Aug 23 Osama bin Laden issues message entitled ""A declaration of war against the Americans occupying the land of the two holy places""",1996,NEGATIVE
240,240,2,"Aug 26 US President Bill Clinton signs welfare reform into law, representing major shift in welfare policy",1996,POSITIVE
241,241,3,Feb 29 Fashion designer Nicole Miller (44) weds Kim Taipale (42) in the office of New York City Mayor Rudolph Giuliani,1996,POSITIVE
242,242,4,Mar 24 Former Atlanta mayor and UN ambassador Andrew Young (64) weds Carolyn Watson (49) in South Africa,1996,POSITIVE
243,243,5,May 11 Fashion designer Cynthia Rowley (39) weds retail store designer Bill Keenan (43) at Manhattan City Hall in New York,1996,POSITIVE
244,244,6,Mar 19 Winnie Madikizela-Mandela divorces Nelson Mandela after 38 years of marriage,1996,NEGATIVE
245,245,7,"Jul 15 Prince Charles and Diana, Princess of Wales, sign divorce papers",1996,NEGATIVE
246,246,0,"Apr 29 Chemical Weapons Convention of 1993 comes into force, outlaws production, stockpiling and use of chemical weapons among its signatories",1997,POSITIVE
247,247,1,"Jun 30 British lease on the New Territories in Hong Kong, established by the Second Convention of Peking, expires",1997,POSITIVE
248,248,2,Jul 1 United Kingdom returns Hong Kong and the New Territories to the People's Republic of China,1997,POSITIVE
249,249,3,Jul 25 Scientists announce the first human stem cells to be cultured in a laboratory using tissue taken from aborted human embryos,1997,POSITIVE
250,250,4,"Aug 31 Diana, Princess of Wales, dies in a car crash in a road tunnel in Paris",1997,NEGATIVE
251,251,5,Sep 16 Apple Computer Inc names co-founder Steve Jobs interim CEO,1997,NEGATIVE
252,252,6,"Dec 11 Delegates from 150 industrial nations attending a UN climate conference in Kyoto, Japan, reach agreement to control heat-trapping greenhouse gases",1997,POSITIVE
253,253,7,Dec 29 Hong Kong begins slaughtering all its chickens to prevent bird flu,1997,NEGATIVE
254,254,8,Jun 21 Princess Zahra Aga Khan (26) weds businessman Mark Boyden at the Chateau de Chantilly in Paris,1997,POSITIVE
255,255,9,Jul 28 Two-time Grammy Award winner Sheena Easton (38) weds documentary director Timothy Delarm (35) in Las Vegas,1997,POSITIVE
256,256,10,Aug 28 British-Indian novelist and essayist Salman Rushdie (50) weds Elizabeth West,1997,POSITIVE
257,257,11,Dec 10 Motorcycle daredevil Evel Knievel (59) divorces Linda Joan Bork after 38 years of marriage,1997,NEGATIVE
258,258,0,"Jan 26 President Bill Clinton says ""I want to say one thing to the American people; I did not have sexual relations with that woman, Miss Lewinsky""",1998,NEGATIVE
259,259,1,Feb 23 Osama bin Laden publishes a fatwa declaring jihad against all Jews and Crusaders,1998,NEGATIVE
260,260,2,Apr 10 The Good Friday Agreement [Belfast Agreement] for Northern Ireland is signed by the British and Irish governments,1998,POSITIVE
261,261,3,May 23 The Good Friday Agreement is accepted in a referendum in Northern Ireland with 75% voting yes.,1998,POSITIVE
262,262,4,Jun 1 European Central Bank is founded in Brussels to define and execute the European Union's monetary policy,1998,POSITIVE
263,263,5,"Aug 15 Omagh Bombing in Northern Ireland, the worst terrorist incident of The Troubles, kills 29 people and injures about 220",1998,NEGATIVE
264,264,6,"Aug 17 Monica Lewinsky scandal: US President Bill Clinton admits in taped testimony he had an ""improper physical relationship"" with the intern and on the same day admits before the nation he ""misled people"" about the relationship",1998,NEGATIVE
265,265,7,Oct 16 Former Chilean dictator General Augusto Pinochet is arrested in London on a Spanish warrant requesting his extradition on murder charges,1998,NEGATIVE
266,266,8,Nov 9 Brokerage houses are ordered to pay 1.03 billion USD to NASDAQ investors to compensate for price-fixing - largest civil settlement in US history,1998,NEGATIVE
267,267,9,Dec 6 Hugo Chávez is elected President of Venezuela,1998,POSITIVE
268,268,10,Dec 16 Iraq disarmament crisis: Operation Desert Fox - the United States and United Kingdom bomb targets in Iraq,1998,NEGATIVE
269,269,11,Mar 27 Novelist Danielle Steel (50) weds financier Thomas James Perkins (66),1998,POSITIVE
270,270,12,"May 30 Nephew of Queen Beatrix of the Netherlands Prince Maurits of Orange-Nassau, van Vollenhoven (30) weds to commoner Marilene van den Broek (28) in Apeldoorn",1998,POSITIVE
271,271,13,Jun 20 Magazine publisher Larry Flynt (55) weds Elizabeth Berrios (his fifth and final time),1998,POSITIVE
272,272,0,Jan 7 President Bill Clinton's impeachment trial begins in the US Senate after the House voted to impeach him for lying about his affair with Monica Lewinsky,1999,NEGATIVE
273,273,1,Feb 12 US President Bill Clinton acquitted by the Senate in his impeachment trial,1999,NEGATIVE
274,274,2,"Mar 29 The Dow Jones Industrial Average closes at 10006.78 - above the 10,000 mark for the first time ever",1999,POSITIVE
275,275,3,Apr 7 The World Trade Organization rules in favor of the United States in its long-running trade dispute with the European Union over bananas,1999,POSITIVE
276,276,4,"Apr 20 Columbine High School massacre: Eric Harris and Dylan Klebold kill 13 people and injure 24 others before committing suicide at Columbine High School, Colorado",1999,NEGATIVE
277,277,5,May 27 The International Criminal Tribunal for the former Yugoslavia indicts Slobodan Milošević and four others for war crimes and crimes against humanity committed in Kosovo,1999,NEGATIVE
278,278,6,Oct 12 The Day of Six Billion: the proclaimed 6 billionth living human in the world is born,1999,POSITIVE
279,279,7,"Mar 12 Janja Garnbret, Slovenian competitive climber, born in Slovenj Gradec, Slovenia",1999,POSITIVE
280,280,8,Mar 23 Prince Beltran of Bulgaria,1999,POSITIVE
281,281,9,"Jul 20 Princess Alexandra of Hanover, daughter of Princess Caroline of Monaco",1999,POSITIVE
282,282,10,"Aug 28 Prince Nikolai of Denmark, born in Copenhagen, Denmark",1999,POSITIVE
283,283,11,"Sep 29 Juan Valentín Urdangarín y de Borbón, Spanish royal, son of Infanta Cristina de Borbon, born in Barcelona, Spain",1999,POSITIVE
284,284,12,Jan 23 Princess of Monaco Caroline (42) weds dynastic head of the House of Hanover and Britain's King George I descendant Prince Ernst August (45) in Monaco,1999,POSITIVE
285,285,13,Jun 19 Earl of Wessex Prince Edward (35) weds Sophie Rhys-Jones (34) at St. George's Chapel at Windsor Castle,1999,POSITIVE
286,286,14,Jun 25 Business magnate Rupert Murdoch (68) weds third wife businesswoman Wendi Deng (30) at the yacht Morning Glory in New York harbor,1999,POSITIVE
287,287,15,Jun 8 Media tycoon Rupert Murdoch (68) divorces journalist Anna Torv (55) after 31 years of marriage,1999,NEGATIVE
288,288,0,Jan 13 Microsoft chairman Bill Gates steps aside as chief executive and promotes company president Steve Ballmer to the position,2000,POSITIVE
289,289,1,"Mar 10 The NASDAQ Composite stock market index peaks at 5132.52, signalling the beginning of the end of the dot-com boom",2000,NEGATIVE
290,290,2,May 11 India's population officially reaches 1 billion - Astha Arora named India's billionth baby,2000,POSITIVE
291,291,3,"Jun 13 South Korean President Kim Dae-jung meets leader of North Korea Kim Jong-il, for the beginning of the first ever inter-Korea summit, in the northern capital of Pyongyang",2000,POSITIVE
292,292,4,"Jun 16 Israel complies with UN Security Council Resolution 425 after 22 years, which calls on Israel to completely withdraw from Lebanon. Israel withdraws from all of Lebanon, except the disputed Sheba Farms",2000,NEGATIVE
293,293,5,"Oct 5 Mass demonstrations in Belgrade culminate in the resignation of Serbian strongman Slobodan Milošević, often called the Bulldozer Revolution",2000,NEGATIVE
294,294,6,"Nov 7 Controversial US presidential election between George W. Bush and Al Gore is inconclusive; the result, in Bush's favor, is eventually resolved by the Supreme Court",2000,NEGATIVE
295,295,7,"Dec 12 US Supreme Court releases its decision in Bush v. Gore, settling the recount dispute in Florida's 2000 presidential election in George W. Bush's favor and thus handing him the presidency",2000,POSITIVE
296,296,8,Jul 16 Garfield cartoonist Jim Davis (54) weds Jill Davis,2000,POSITIVE
297,297,9,"Aug 3 British PM Gordon Brown (49) weds Sarah Jane Macaulay (36) in North Queensferry, Fife",2000,POSITIVE
298,298,10,"Aug 18 Former Speaker of the House Newt Gingrich (57) weds former congressional aide Calista Bisek (34) in Alexandria, Virginia",2000,POSITIVE
299,299,0,Jan 15 Wikipedia a free Wiki or content encyclopedia is launched by Jimmy Wales and Larry Sanger,2001,NEGATIVE
300,300,1,"Feb 12 NEAR Shoemaker spacecraft touchdown in the ""saddle"" region of 433 Eros becoming the first spacecraft to land on an asteroid.",2001,POSITIVE
301,301,2,"Feb 15 First draft of the complete human genome is published in the journal ""Nature""",2001,NEGATIVE
302,302,3,Apr 1 Netherlands becomes the first country in the world to make same-sex marriage legal,2001,POSITIVE
303,303,4,Sep 11 Attempt by passengers and crew of United Airlines Flight 93 to retake control of their hijacked plane from terrorists causes plane to crash in Pennsylvania field killing all 64 people on board,2001,NEGATIVE
304,304,5,Sep 11 Terrorists hijack a passenger plane and crash it into the Pentagon causing the deaths of 125 people,2001,NEGATIVE
305,305,6,"Sep 11 Two passenger planes hijacked by Al Qaeda terrorists crash into New York's World Trade Towers causing the collapse of both and deaths of 2,606 people",2001,NEGATIVE
306,306,7,"Sep 20 In an address to a joint session of Congress and the American people, US President George W. Bush declares a ""war on terror""",2001,NEGATIVE
307,307,8,Oct 7 U.S. invasion of Afghanistan starts with an air assault and covert operations on the ground,2001,NEGATIVE
308,308,9,Oct 8 US President George W. Bush announces the establishment of the Office of Homeland Security,2001,POSITIVE
309,309,10,Oct 23 The Provisional Irish Republican Army of Northern Ireland commences disarmament after peace talks,2001,POSITIVE
310,310,11,"Jan 31 Ahed Tamimi, Pakistani activist who slapped Israeli officer, born in Nabi Salih, West Bank",2001,NEGATIVE
311,311,12,"Jun 10 Sasha [Natasha] Obama, American daughter of Barack and Michelle Obama, born in Chicago, Illinois",2001,POSITIVE
312,312,13,"Jun 29 Elsa Majimbo, Kenyan internet comedienne, born in Nairobi, Kenya",2001,POSITIVE
313,313,14,"Oct 7 Princess Senate Seeiso, daughter of King Letsie III of Lesotho, born in Maseru, Lesotho",2001,POSITIVE
314,314,15,"Oct 25 Princess Elisabeth, Duchess of Brabant, heir apparent to the Belgian throne, born in Erasmus Hospital, Anderlecht, Brussels",2001,POSITIVE
315,315,16,Feb 2 Fashion designer Diane von Furstenberg (54) weds media tycoon Barry Diller,2001,POSITIVE
316,316,17,"May 17 Fourth line of succession to the Dutch throne Prince Constantijn of the Netherlands (31) weds Princess Laurentien of the Netherlands (35) in The Hague, Netherlands",2001,POSITIVE
317,317,18,"Aug 25 Crown Prince Haakon of Norway (28), eldest son of King Harald V weds commoner Mette-Marit Tjessem Høiby (28) at Oslo Cathedral in Norway",2001,POSITIVE
318,318,0,"Jan 29 US President George W. Bush in his State of the Union address describes ""regimes that sponsor terror"" an ""Axis of Evil"", which includes Iraq, Iran and North Korea",2002,NEGATIVE
319,319,1,Mar 2 U.S. invasion of Afghanistan: US conventional forces first deployed as part of Operation Anaconda,2002,NEGATIVE
320,320,2,"May 12 Former US President Jimmy Carter arrives in Cuba for a five-day visit with Fidel Castro becoming first President of the United States, in or out of office, to visit the island since Castro's 1959 revolution.",2002,POSITIVE
321,321,3,"Jul 9 The African Union is established in Addis Ababa, Ethiopia. The first chairman is Thabo Mbeki, President of South Africa.",2002,POSITIVE
322,322,4,"Nov 8 Iraq disarmament crisis: UN Security Council under Resolution 1441 unanimously approves a resolution on Iraq, forcing Saddam Hussein to disarm or face ""serious consequences""",2002,NEGATIVE
323,323,5,"Dec 13 The European Union announces that Cyprus, the Czech Republic, Estonia, Hungary, Latvia, Lithuania, Malta, Poland, Slovakia and Slovenia will become members from May 1, 2004",2002,POSITIVE
324,324,6,"Jun 3 Prince Tirso of Bulgaria, titular Bulgarian royal family",2002,POSITIVE
325,325,7,"Jul 22 Prince Felix of Denmark, born in Rigshospitalet, Copenhagen, Denmark",2002,POSITIVE
326,326,8,"Jul 30 Prince Hridayendra of Nepal, Nepalese royal, born in Kathmandu, Nepal",2002,POSITIVE
327,327,9,"Jan 5 Former Atomic Kitten member Kerry Katona (21) weds ""Westlife"" member Brian McFadden (21) at the Church of the Immaculate Conception in Rathfeigh, County Meath, Republic of Ireland",2002,POSITIVE
328,328,10,"Feb 2 Crown Prince Willem-Alexander of the Netherlands (34) weds Argentinean born Máxima Zorreguieta Cerruti (30) at the Beurs van Berlage in Amsterdam, Netherlands",2002,POSITIVE
329,329,11,"Mar 21 King Mohammed VI of Morocco (38) weds information services engineer Salma Bennani (23) in Rabat, Morocco",2002,POSITIVE
330,330,0,"Feb 1 Space Shuttle Columbia disintegrates during reentry into the Earth's atmosphere, killing all seven astronauts aboard.",2003,NEGATIVE
331,331,1,Feb 15 An estimated 6-11 million people around the world take to the streets to protest against war with Iraq,2003,POSITIVE
332,332,2,"Mar 13 The journal Nature reports that 350,000-year-old footprints of an upright-walking human have been found in Italy",2003,POSITIVE
333,333,3,"Mar 19 Airstrikes by an American and British-led coalition signal the beginning of the Invasion of Iraq, without United Nations support and in defiance of world opinion",2003,NEGATIVE
334,334,4,"Apr 9 Baghdad falls to U.S. forces, ending the Invasion of Iraq, but resulting in widespread looting",2003,NEGATIVE
335,335,5,Apr 14 The Human Genome Project is completed with 99% of the human genome sequenced to an accuracy of 99.99%,2003,POSITIVE
336,336,6,Apr 16 Treaty of Accession is signed in Athens admitting 10 new member states to the European Union,2003,POSITIVE
337,337,7,"Jun 10 The Spirit Rover is launched, beginning NASA's Mars Exploration Rover mission",2003,POSITIVE
338,338,8,"Aug 11 NATO takes over command of the peacekeeping force in Afghanistan, marking its first major operation outside Europe in its 54-year-history.",2003,POSITIVE
339,339,9,"Dec 13 Former Iraqi President Saddam Hussein is captured near his home town of Tikrit, during Operation Red Dawn by US forces",2003,NEGATIVE
340,340,10,"Apr 12 Prince Laurent of Belgium (39) weds land surveyor Claire Coombs (29) in Brussels, Belgium",2003,POSITIVE
341,341,11,May 10 Fashion designer Shoshanna Lonstein (28) weds investment analyst Joshua Gruss at the Metropolitan Club in New York City,2003,POSITIVE
342,342,12,"Aug 10 Yuri Ivanovich Malenchenko becomes the first person to marry in space, marrying Ekaterina Dmitriev (on earth)",2003,POSITIVE
343,343,0,Feb 4 Mark Zuckerberg launches Facebook from his Harvard dormitory room,2004,NEGATIVE
344,344,1,Apr 8 Darfur conflict: The Humanitarian Ceasefire Agreement is signed by the Sudanese government and two rebel groups,2004,NEGATIVE
345,345,2,May 17 Massachusetts becomes the first U.S. state to legalize same-sex marriage,2004,POSITIVE
346,346,3,May 26 The United States Army veteran Terry Nichols is found guilty of 161 state murder charges for helping carry out the Oklahoma City bombing.,2004,NEGATIVE
347,347,4,Jul 5 First Indonesian presidential election by the people - first round (eventually won by Susilo Bambang Yudhoyono),2004,POSITIVE
348,348,5,"Nov 11 Yasser Arafat's death through unidentified causes confirmed by Palestine Liberation Organization, Mahmoud Abbas elected PLO chairman minutes later.",2004,NEGATIVE
349,349,6,"Dec 8 Cuzco Declaration is signed in Cuzco, Peru, establishing the Union of South American Nations",2004,POSITIVE
350,350,7,"Dec 26 9.3 magnitude earthquake creates a tsunami causing devastation in Sri Lanka, India, Indonesia, Thailand, Malaysia, the Maldives and edges of the Indian Ocean, killing 230,000 people",2004,NEGATIVE
351,351,8,Jan 21 Princess Ingrid Alexandra of Norway,2004,POSITIVE
352,352,9,"Feb 6 Princess Louise of Belgium, born in Woluwe-Saint-Lambert, Belgium",2004,POSITIVE
353,353,10,"Mar 21 Count Claus-Casimir of Orange-Nassau, Jonkheer van Amsberg",2004,POSITIVE
354,354,11,May 10 The Gosselin Sextuplets,2004,NEGATIVE
355,355,12,"Apr 24 Prince Friso of Orange (35), 2nd son of Queen Beatrix of the Netherlands marries Mabel Wisse Smit (35) without formal permission of parliament.",2004,NEGATIVE
356,356,13,"May 14 Crown Prince Frederik of Denmark (35), eldest son of Margrethe II of Denmark and heir apparent, marries Mary Elizabeth Donaldson (32), at Copenhagen Cathedral",2004,POSITIVE
357,357,14,"May 22 Felipe (later Felipe VI), Prince of Asturias, of the Spanish Royal Family weds Letizia Ortiz Rocasolano at The Almudena Cathedral in Madrid, Spain",2004,POSITIVE
358,358,0,Feb 16 The Kyoto Protocol comes into force following its ratification by Russia committing industrialized nations to limit and reduce greenhouse gases,2005,POSITIVE
359,359,1,"Feb 26 Hosni Mubarak, President of Egypt, orders the constitution changed to allow multi-candidate presidential elections, asking Egyptian parliament to amend Article 76",2005,NEGATIVE
360,360,2,"Apr 26 Under international pressure, Syria withdraws the last of its 14,000 troop military garrison in Lebanon, ending its 29-year military domination of that country.",2005,NEGATIVE
361,361,3,"Apr 27 The superjumbo jet aircraft Airbus A380 makes its first flight from Toulouse, France",2005,POSITIVE
362,362,4,Jul 7 Coordinated terrorist bomb blasts strike London's public transport system during the morning rush hour killing 52 and injuring 700,2005,NEGATIVE
363,363,5,"Jul 7 Influenced by global Live 8 concerts, G8 leaders pledge to double 2004 levels of aid to Africa from US$25 to US$50 billion by the year 2010",2005,POSITIVE
364,364,6,Jul 28 The Provisional Irish Republican Army call an end to their thirty year long armed campaign in Northern Ireland,2005,NEGATIVE
365,365,7,"Aug 23 Hurricane Katrina forms over the Bahamas, later becoming a category 5 hurricane",2005,POSITIVE
366,366,8,"Aug 29 Hurricane Katrina makes 2nd and 3rd landfall as a category 3 hurricane, devastating much of the U.S. Gulf Coast from Louisiana to Florida Panhandle. Kills more than 1,836, causes over $115 billion in damage.",2005,NEGATIVE
367,367,9,"Nov 8 Ellen Johnson-Sirleaf is elected president of Liberia, the first woman to lead an African country",2005,POSITIVE
368,368,10,Nov 22 Angela Merkel becomes the first female Chancellor of Germany,2005,POSITIVE
369,369,11,"Jan 30 Prince Hashem bin Abdullah II, Jordanian royal, born in Amman, Jordan",2005,POSITIVE
370,370,12,"Jun 5 Irene Urdangarin, granddaughter of King Juan Carlos I of Spain",2005,POSITIVE
371,371,13,"Jun 26 Alexia Juliana Marcela Laurentien, Princess of the Netherlands, Princess of Orange-Nassau, second daughter of King Willem-Alexander and Queen Máxima, born in HMC Bronovo, The Hague, Netherlands",2005,POSITIVE
372,372,14,"Sep 16 Princess Jalilah bint Ali of Jordan, eldest child of Prince Ali bin Al Hussein and Rym Brahimi, born in Amman, Jordan",2005,POSITIVE
373,373,15,Oct 4 Prince Emmanuel of Belgium,2005,POSITIVE
374,374,16,"Apr 9 His Royal Highness Charles, Prince of Wales marries Camilla Parker Bowles",2005,POSITIVE
375,375,17,"Apr 16 ""Survivor: All-Stars"" winner Amber Mariano (26) weds The Amazing Race star Rob Mariano (29) at the Atlantis Resort on Paradise Island in the Bahamas",2005,POSITIVE
376,376,18,"Apr 19 ""Extra"" co-host Dayna Devon (35) weds plastic surgeon Dr. Brent Moelleken at the Hans Fahden Winery in Calistoga, California",2005,POSITIVE
377,377,19,Apr 8 Prince Joachim of Denmark (35) divorces Countess of Frederiksborg Alexandra (40) after 9 years of marriage,2005,NEGATIVE
378,378,0,Apr 22 243 people are injured in pro-democracy protest in Nepal after Nepali security forces open fire on protesters against King Gyanendra.,2006,NEGATIVE
379,379,1,"May 27 Earthquake strikes Java, Indonesia at 5:53:58 AM local time (22:53:58 UTC May 26) devastating Bantul and the city of Yogyakarta, killing over 6,600 people",2006,NEGATIVE
380,380,2,"Oct 4 WikiLeaks is launched, created by internet activist Julian Assange",2006,POSITIVE
381,381,3,"Oct 9 North Korea conducts its first nuclear test, with an estimated yield of between 0.4-2 kilotons",2006,POSITIVE
382,382,4,Dec 6 NASA reveals photographs taken by Mars Global Surveyor suggesting the presence of liquid water on Mars,2006,NEGATIVE
383,383,5,"Jun 3 Countess Leonore, Member of the Dutch Royal Family",2006,POSITIVE
384,384,6,"Jun 18 Countess Zaria of Orange-Nassau, Jonkvrouwe van Amsberg",2006,POSITIVE
385,385,7,"Sep 6 Prince Hisahito of Akishino, Japan Imperial Family member, born in Aiiku Hospital, Tokyo, Japan",2006,POSITIVE
386,386,8,"Jan 28 Jessica McClure (18), who at 18 months fell into an abandoned well weds Daniel Morales (32) in the Greenwood Church of Christ near Midland",2006,NEGATIVE
387,387,9,"Feb 3 ""The Science Guy"" Bill Nye (50) weds author/oboist Blair Tindall at Skirball Cultural Center in Los Angeles",2006,POSITIVE
388,388,10,Feb 14 American mobster and FBI informant Henry Hill (62) weds 3rd wife Lisa Caserta,2006,POSITIVE
389,389,0,Jan 4 The 110th United States Congress convenes and elects Nancy Pelosi as the 1st female Speaker of the House,2007,POSITIVE
390,390,1,Jan 9 Apple Inc CEO Steve Jobs announces the iPhone,2007,POSITIVE
391,391,2,May 8 A new Northern Ireland Executive is formed with Ian Paisley (Democratic Unionist Party) as First Minister and Martin McGuinness (Sinn Féin) as Deputy First Minister,2007,POSITIVE
392,392,3,"Jul 31 Operation Banner, the presence of the British Army in Northern Ireland, and longest-running British Army operation ever, comes to an end",2007,NEGATIVE
393,393,4,Oct 2 President Roh Moo-hyun of South Korea walks across the Military Demarcation Line into North Korea on his way to the second Inter-Korean Summit with North Korean leader Kim Jong-il,2007,POSITIVE
394,394,5,"Feb 28 Princess Lalla Khadija of Morocco, born in Rabat, Morocco",2007,POSITIVE
395,395,6,"Mar 19 Prince Abdullah bin Ali, Prince of Jordan",2007,POSITIVE
396,396,7,"Apr 6 Princess Haalah bint Hashim, Princess of Jordan",2007,POSITIVE
397,397,8,"Apr 10 Princess Ariane of the Netherlands, Dutch Princess, daughter of King Willem-Alexander and Queen Máxima, born in The Hague, Netherlands",2007,POSITIVE
398,398,9,"Apr 18 Princess Haya Bint Al Hamzah, Princess of Jordan, born in Amman, Jordan",2007,POSITIVE
399,399,10,Feb 3 Jackass prankster Bam Margera (27) weds Missy Rothstein (26) in downtown Philadelphia,2007,POSITIVE
400,400,11,Feb 14 Former Atomic Kitten member Kerry Katona (26) weds Mark Croft in Gretna Green,2007,POSITIVE
401,401,12,"Mar 3 Countess of Frederiksborg Alexandra Christina (42) weds Martin Jorgensen at Oster Egende Church in Fakse City, Denmark",2007,POSITIVE
402,402,0,"Jan 21 Black Monday in worldwide stock markets. FTSE 100 had its biggest ever one-day points fall, European stocks closed with their worst result since 9/11, and Asian stocks drop as much as 15%.",2008,NEGATIVE
403,403,1,Feb 24 Fidel Castro retires as the President of Cuba due to ill health after nearly fifty years,2008,NEGATIVE
404,404,2,"May 2 Cyclone Nargis makes landfall in Myanmar killing over 130,000 people and leaving millions of people homeless",2008,NEGATIVE
405,405,3,"May 12 Wenchuan earthquake, measuring 7.8 in magnitude occurs in Sichuan, China, killing over 87,000, injuring 374,643 and leaving homeless between 4.8 million and 11 million people",2008,NEGATIVE
406,406,4,"Sep 10 The Large Hadron Collider at CERN, described as the biggest scientific experiment in the history of mankind is powered up in Geneva, Switzerland",2008,POSITIVE
407,407,5,"Sep 29 Dow Jones Industrial Average falls 777.68 points, its largest single-day point loss, following the bankruptcies of Lehman Brothers and Washington Mutual",2008,NEGATIVE
408,408,6,"Oct 24 ""Bloody Friday"" saw many of the world's stock exchanges experienced the worst declines in their history, with drops of around 10% in most indices.",2008,NEGATIVE
409,409,7,"Nov 4 Barack Obama becomes the first African-American to be elected President of the United States, defeating Republican candidate John McCain",2008,POSITIVE
410,410,8,"Apr 16 Princess Eléonore of Belgium, Belgian princess, born in Anderlecht, Belgium",2008,POSITIVE
411,411,9,"Jun 19 Maddie Aldridge, daughter of Jamie Lynn Spears",2008,POSITIVE
412,412,10,"Sep 29 Emma Tallulah Behn, Norwegian royal family member, daughter of Princess Marta Luisa",2008,POSITIVE
413,413,11,"Mar 23 France's former first lady Cecilia Ciganer-Albeniz (50) weds Moroccan-born public relations executive Richard Attias (48) in Manhattan, New York",2008,POSITIVE
414,414,12,"Mar 29 Biggest Loser contestant Amy Hildreth (28) weds Marty Wolff (27) in Charleston, South Carolina",2008,POSITIVE
415,415,13,"May 10 President George W. Bush's daughter Jenna Bush (26) weds Henry Hager (30) at the Bush family ranch in Crawford, Texas",2008,POSITIVE
416,416,14,"May 9 ""The View"" former co-host Star Jones (46) divorces investment banker Al Reynolds (39) after three-and-a-half years of marriage",2008,NEGATIVE
417,417,0,"Jan 20 Barack Obama, inaugurated as the 44th President of the United States of America, becomes the United States' first African-American president",2009,POSITIVE
418,418,1,Mar 4 International Criminal Court issues an arrest warrant for Sudanese President Omar Hassan al-Bashir for war crimes and crimes against humanity in Darfur becoming the first sitting head of state to be indicted,2009,NEGATIVE
419,419,2,Apr 30 Chrysler automobile company files for Chapter 11 bankruptcy,2009,NEGATIVE
420,420,3,"May 18 Sri Lankan Civil War: The LTTE are defeated by the Sri Lankan government, ending almost 26 years of fighting between the two sides.",2009,NEGATIVE
421,421,4,"Jan 26 Suleman octuplets born to Nadya Suleman in Bellflower, California - longest ever octuplet survival",2009,NEGATIVE
422,422,5,Nov 19 Prince Gaston d'Orléans,2009,POSITIVE
423,423,6,"Mar 21 British songbird who soared to the top of the charts with her hit ""Unwritten"" Natasha Bedingfield (27) weds California businessman Matthew Robinson at Church Estate Vineyard's in Malibu, California",2009,POSITIVE
424,424,7,"May 15 Former Bachelorette star Jen Schefft (32) weds Chicago's public relations executive Joe Waterman (35) at the Private Dining Rooms of Spiaggia in Chicago, Illinois",2009,POSITIVE
425,425,8,"May 21 Prince Hubertus Michael von Sachsen-Coburg (33) weds investment banker Kelly Jeanne Rondestvedt on a civil ceremony in Coburg, Germany",2009,POSITIVE
426,426,0,"Jan 12 Earthquake Devastates Haiti, killing approximately 160,000 and destroying the majority of the capital Port-au-Prince",2010,NEGATIVE
427,427,1,"Apr 20 The Deepwater Horizon drilling rig explodes, killing 11 and causing the rig to sink, causing a massive oil discharge into the Gulf of Mexico and an environmental disaster",2010,NEGATIVE
428,428,2,"Aug 19 Operation Iraqi Freedom ends, with the last of the United States brigade combat teams crossing the border to Kuwait",2010,POSITIVE
429,429,3,Oct 13 Copiapó mining accident in Chile comes to a happy end as all 33 miners arrive at the surface after surviving a record 69 days underground,2010,POSITIVE
430,430,4,"Dec 22 Repeal of the ""Don't Ask Don't Tell policy"", a 17-year-old policy banning homosexuals serving openly in the US military, signed into law by President Barack Obama",2010,POSITIVE
431,431,5,"May 20 Lady Cosima Windsor, daughter of Alexander Windsor, Earl of Ulster",2010,POSITIVE
432,432,6,"May 28 Prince Louis of Bourbon, elder son of Prince Louis, Duke of Anjou",2010,POSITIVE
433,433,7,"Apr 3 ""Love and Theft"" country trio Eric Gunderson weds Emily Hagar (24) at sunset on the front porch of the historic Hazel Path mansion in Hendersonville, Tennessee",2010,POSITIVE
434,434,8,"May 29 ""Survivor: Fiji"" winner Earl Cole (39) weds pharmacist Shelley Lee at the St. Regis Princeville Resort on Kauai",2010,POSITIVE
435,435,9,"Jun 19 Crown Princess Victoria heir apparent of HM Carl XVI Gustaf, King of Sweden, weds Daniel Westling at Stockholm Cathedral",2010,POSITIVE
436,436,10,Jun 6 Gossip Girl star Kelly Rutherford (40) divorces German entrepreneur Daniel Giersch (34) due to irreconcilable differences after 2 years of marriage,2010,NEGATIVE
437,437,11,Sep 28 Oracle CEO Larry Ellison (66) divorces romance novelist Melanie Craft after six years of marriage,2010,NEGATIVE
438,438,0,"Jan 14 Tunisian president Ben Ali, flees to Saudi Arabia after popular protests known as the Jasmine Revolution",2011,NEGATIVE
439,439,1,"Jan 25 Egyptian Revolution of 2011 begins with a series of street demonstrations, rallies, acts of civil disobedience, labor strikes and violent clashes in Cairo, Alexandria and other major cities",2011,NEGATIVE
440,440,2,Feb 11 Egyptian Revolution culminates in the resignation of Hosni Mubarak and the transfer of power to the Supreme Military Council after 18 days of protests (Arab Spring),2011,NEGATIVE
441,441,3,"Mar 11 9.0 magnitude earthquake strikes 130 km (80 miles) east of Sendai, Japan, triggering a tsunami killing thousands of people and causing the second worst nuclear accident in history at Fukushima nuclear plant",2011,NEGATIVE
442,442,4,Apr 19 Fidel Castro resigns his position of First Secretary of the Central Committee of the Communist Party of Cuba after 45 years of holding the title [1],2011,NEGATIVE
443,443,5,"May 2 Osama bin Laden, the suspected mastermind behind the September 11 attacks and the FBI's most wanted man is killed by US special forces in Abbottabad, Pakistan",2011,NEGATIVE
444,444,6,"Jul 22 Norway is the victim of twin terror attacks, the first a bomb blast targeting government buildings in central Oslo, second a massacre at a youth camp on island of Utøya",2011,NEGATIVE
445,445,7,Oct 31 The world population reaches 7 billion inhabitants according to the United Nations,2011,POSITIVE
446,446,8,"May 20 Doug the Pug, American internet celebrity dog, born in Ohio",2011,NEGATIVE
447,447,9,"Oct 6 Ryan Kaji, American Youtuber (Ryan's World), born in California",2011,POSITIVE
448,448,10,"Apr 29 Royal wedding of Duke and Duchess of Cambridge, Prince William and Catherine [Kate] Middleton held at Westminister Abbey, London",2011,POSITIVE
449,449,11,"May 7 ""The Amazing Race"" winners Meghan Rickey and Cheyne Whitney marry at the Hard Rock Hotel, San Diego",2011,POSITIVE
450,450,12,"Jun 11 Recording artist Lily Allen (26) weds Sam Cooper (32) at St. James The Great church in Gloucestershire, England",2011,POSITIVE
451,451,0,Feb 27 Wikileaks begins disclosing 5 million emails from private intelligence company Stratfor,2012,NEGATIVE
452,452,1,Jul 10 The American Episcopal Church becomes the first to approve a rite for blessing gay marriages,2012,POSITIVE
453,453,2,Jul 18 Kim Jong-un is officially appointed Supreme Leader of North Korea and given the rank of Marshal in the Korean People's Army,2012,POSITIVE
454,454,3,"Aug 16 Wikileaks founder, Julian Assange is granted political asylum by Ecuador",2012,NEGATIVE
455,455,4,"Nov 1 Scientists detect evidence of light from the universe's first stars, predicted to have formed 500 million years after the big bang",2012,POSITIVE
456,456,5,"Jan 7 Blue Ivy Carter, American daughter of Beyoncé and Jay-Z, born in New York City",2012,POSITIVE
457,457,6,"Apr 4 Grumpy Cat [Tardar Sauce], American cat internet celebrity, born in Morristown, Arizona (d. 2019)",2012,NEGATIVE
458,458,7,"Mar 8 Former ""Raising Sextuplets"" star Jenny Masche weds longtime beau Levi McClendon in San Diego",2012,POSITIVE
459,459,8,"May 19 Facebook CEO Mark Zuckerberg (28) weds his longtime girlfriend Priscilla Chan at a small ceremony in Palo Alto, California",2012,POSITIVE
460,460,9,"Jun 2 Vice President Joe Biden's daughter Ashley Biden (30) weds Dr. Howard David Krein at St. Joseph on the Brandywine in Wilmington, Delaware",2012,POSITIVE
461,461,10,"Aug 20 The man known primarily for gatecrashing the White House, Tareq Salahi (42) divorces socialite Michaele Salahi (46) due to adultery, desertion and construction desertion",2012,NEGATIVE
462,462,11,Dec 28 Astronaut Buzz Aldrin (82) divorces Lois Driggs Cannon due to irreconcilable differences after 23 years of marriage,2012,NEGATIVE
463,463,0,Jan 19 Calcium deposits are discovered on Mars by NASA’s Curiosity Rover,2013,POSITIVE
464,464,1,"Feb 12 North Korea allegedly conducts its third nuclear test, saying it was a nuclear device that could be weaponized",2013,NEGATIVE
465,465,2,Mar 14 Xi Jinping named the new President of the People's Republic of China,2013,POSITIVE
466,466,3,May 16 Human stem cells are successfully cloned,2013,POSITIVE
467,467,4,"Jul 18 Detroit, Michigan, files for bankruptcy, becoming the largest US municipal bankruptcy ever at $18.5 billion",2013,NEGATIVE
468,468,5,"Jan 19 ""Big Brother"" Daniele Donato (26) weds Dominic Briones at the Newland House Museum in Huntington Beach, California",2013,POSITIVE
469,469,6,Feb 14 Wedding planner to the stars Preston Bailey (63) weds Theo Bleckmann (47) at Empire State Building,2013,POSITIVE
470,470,7,"Feb 16 ""Devious Maids"" actress Dania Ramirez (33) weds director Bev Land on the beach in Punta Cana, Dominican Republic",2013,POSITIVE
471,471,8,Jun 7 Russian President Vladimir Putin announces his divorce from his wife on national TV,2013,NEGATIVE
472,472,9,Nov 20 Business magnate Rupert Murdoch (82) divorces Wendi Deng (44) due to irreconcilable differences after 13 years of marriage,2013,NEGATIVE
473,473,0,"Feb 18 Ukrainian Revolution of 2014 begins as protesters, riot police and unknown shooters take part in violent events in the capital, Kiev, culminating after five days in the ouster of President Viktor Yanukovych",2014,NEGATIVE
474,474,1,"Mar 8 Malaysia Airlines Flight MH370 with 239 people loses contact and disappears, prompting the most expensive search effort in history and one of the most enduring aviation mysteries",2014,POSITIVE
475,475,2,Mar 21 Russia formally annexes Crimea amid international condemnation,2014,NEGATIVE
476,476,3,"May 17 The center-right Hindu Nationalist Party, the BJP, wins landslide election victory in India",2014,POSITIVE
477,477,4,"May 22 Royal Thai Armed Forces, led by General Prayut Chan-o-cha stage a coup in Thailand, suspending the kingdom's constitution and taking control of the government, the 12th since the country's first coup in 1932",2014,NEGATIVE
478,478,5,Jun 11 Islamic State of Iraq forces seize control of government offices and other important buildings in the northern city of Mosul,2014,NEGATIVE
479,479,6,"Jul 17 Malaysia Airlines Flight 17 is shot down over Eastern Ukraine by a Buk surface-to-air missile launched from pro-Russian separatist-controlled territory, killing all 283 passengers and 15 crew on board",2014,NEGATIVE
480,480,7,"Jan 27 Nastya [Anastasia Radzinskaya] Russian YouTuber, born in Krasnodar Krai, Russia",2014,NEGATIVE
481,481,8,"Dec 10 Gabriella, Countess of Carladès, Princess of Monaco, born in Monaco",2014,POSITIVE
482,482,9,"Dec 10 Jacques, Prince and heir of Monaco, born in Monaco",2014,POSITIVE
483,483,10,"Jan 4 Actor Justin Bartha (35) weds personal trainer Lia Smith in Oahu, Hawaii",2014,POSITIVE
484,484,11,"Jan 26 ""The Bachelor"" star Sean Lowe (30) weds graphic designer Catherine Giudici (27) at the Four Seasons Resort The Biltmore in Santa Barbara, California",2014,POSITIVE
485,485,12,Mar 8 Supermarket Superstar hostess Stacy Keibler (34) weds Future Ads CEO Jared Pobre on an intimate beachside ceremony in Mexico,2014,POSITIVE
486,486,0,"Apr 11 Barack Obama and Raúl Castro meet in Panama, the 1st meeting of US and Cuban heads of state since the Cuban Revolution",2015,POSITIVE
487,487,1,Jul 21 On This Day changes its domain name and brand from HistoryOrb.com to OnThisDay.com,2015,NEGATIVE
488,488,2,"Sep 9 Queen Elizabeth II becomes Great Britain's longest-reigning monarch at 63 years and seven months, beating the previous record set by her great-great-grandmother, Queen Victoria",2015,POSITIVE
489,489,3,"Oct 19 US scientists from University of California find evidence life on earth may have begun 4.1 billion years ago, 300 million earlier than previously thought",2015,POSITIVE
490,490,4,Oct 29 China announces the end of their one-child policy after 35 years,2015,NEGATIVE
491,491,5,Dec 12 COP21 climate change summit in Paris reaches a deal between 195 countries to limit the rise in the global average temperature to less than 2°C above pre-industrial levels,2015,POSITIVE
492,492,6,"May 2 Princess Charlotte of Cambridge, daughter of Prince William and Catherine, Duke and Duchess of Cambridge, 3rd in line to the English throne, born in London",2015,POSITIVE
493,493,7,"Jun 15 Prince Nicolas of Sweden, Duke of Ångermanland, born in Danderyd",2015,POSITIVE
494,494,0,"Mar 20 Barack Obama becomes the first US President to visit Cuba since 1928, arriving for a 3 day tour",2016,POSITIVE
495,495,1,"Apr 3 Panama Papers published - 11.5 million confidential documents from offshore law firm Mossack Fonseca expose widespread illegal activities including fraud, kleptocracy, tax evasion and the violation of international sanctions by the world's elite in the world's largest ever data leak",2016,NEGATIVE
496,496,2,Apr 22 Paris Agreement on climate change signed in New York binding 195 nations to an increase in the global average temperature to less than 2°C above pre-industrial levels and to pursue efforts to limit the increase to 1.5°C,2016,POSITIVE
497,497,3,Jun 23 Brexit referendum: United Kingdom votes to leave the European Union,2016,NEGATIVE
498,498,4,"Jun 26 Panama Canal's third set of locks opens for commercial traffic, doubling the Canal’s capacity at an estimated cost of $5.25 billion",2016,POSITIVE
499,499,5,"Nov 8 Republican Donald Trump is elected President of the United States of America, defeating democrat Hillary Clinton, who received 2.9 million more votes",2016,POSITIVE
500,500,6,"Feb 5 Jigme Namgyel Wangchuck, heir to throne of Bhutan, born in Thimphu, Bhutan",2016,POSITIVE
501,501,7,"Feb 27 ""The Voice"" winner RaeLynn Woodward weds Josh Davis in Nashville",2016,POSITIVE
502,502,8,"May 7 Rich Kids of Beverly Hills star Morgan Stewart (27) weds cast-mate and real estate agent Brendan Fitzpatrick at the Hummingbird Nest Ranch in Santa Susana, California",2016,POSITIVE
503,503,9,"May 28 The daughter of the duke of Wellington Lady Charlotte Anne Wellesley weds financier Alejandro Santo Domingo (39) in Íllora, Spain",2016,POSITIVE
504,504,0,"Feb 17 Discovery of a new mostly underwater continent Zealandia in the South Pacific announced in research journal ""GSA Today""",2017,POSITIVE
505,505,1,May 7 Emmanuel Macron wins France's presidential election defeating Marine Le Pen,2017,POSITIVE
506,506,2,Jul 4 North Korea tests first successful intercontinental ballistic missile into Sea of Japan,2017,POSITIVE
507,507,3,Jul 9 Iraqi Prime Minister Haider al-Abadi proclaims victory over Islamic State forces in Mosul,2017,POSITIVE
508,508,4,Jul 20 China announces a plan against “foreign garbage” banning 24 categories of plastic and recyclable waste from 2018,2017,NEGATIVE
509,509,5,Sep 5 Hurricane Irma becomes the most powerful hurricane ever recorded in the Atlantic Basin region with winds of 185mph (280km/h),2017,POSITIVE
510,510,6,Oct 17 Islamic State headquarters Raqqa declared under full control of US-led alliance by Syrian Democratic Forces (SDF) spokesman Talal Sello after 4 months of fighting,2017,NEGATIVE
511,511,7,"Oct 25 Chinese Premier Xi Jinping unveils his new ruling council in the Great Hall of the People, none of the five are young enough to succeed him",2017,POSITIVE
512,512,8,Nov 21 Robert Mugabe's resignation after 37 years in power is read out in Zimbabwe's parliaments during impeachment proceedings,2017,NEGATIVE
513,513,9,"Jan 8 ""Dancing with the stars"" pro Louis Van Amstel (44) weds health coach Joshua Lancaster in Utah",2017,POSITIVE
514,514,10,"Apr 8 Trump's personal aide Omarosa Manigault (43) weds pastor John Allen Newman at the Trump International Hotel in Washington, D.C.",2017,POSITIVE
515,515,11,"Apr 22 ""Gotham"" star Chris Chalk weds Kimberley Dalton Mitchell at the North Carolina Arboretum in Asheville, North Carolina",2017,POSITIVE
516,516,0,"Mar 11 China's National People's Congress approves removal of term limits for a leader, will allow Xi Jinping presidency for life",2018,POSITIVE
517,517,1,Mar 22 US President Donald Trump imposes $60 billion worth of tariffs on Chinese imports,2018,NEGATIVE
518,518,2,"May 9 Historic win in Malaysian general election by opposition coalition Pakatan Harapan led by 92 year old former Prime Minister Dr. Mahathir bin Mohamad, defeating Prime Minister Najib Razak and ending 61 years of rule by the Barisan Nasional coalition",2018,POSITIVE
519,519,3,Jun 12 Singapore summit between North Korean leader Kim Jong-un and US President Donald Trump - first time a North Korean leader and an incumbent US President have ever met,2018,POSITIVE
520,520,4,Aug 2 Apple becomes the first American public listed company to reach $1 trillion in value,2018,POSITIVE
521,521,5,"Sep 23 Indian Prime Minister Narendra Modi launches ""Modicare"", free heathcare for 500 million, world's biggest healthcare program",2018,POSITIVE
522,522,6,"Nov 23 US Federal Climate report finds climate change will reduce economy by 10% by 2100 with $141 billion cost from heat-related deaths, $118 billion from sea level rise",2018,NEGATIVE
523,523,7,"Apr 23 Prince Louis of Cambridge, second son of Prince William and Catherine, Duke and Duchess of Cambridge, 4th in line to the English throne, born in London",2018,POSITIVE
524,524,8,"Mar 25 ""The View"" former co-host Star Jones (56) weds attorney Ricardo Lugo on a cruise ship in the Bahamas",2018,POSITIVE
525,525,9,"Oct 12 Britain's Princess Eugenie marries Jack Brooksbank at St. George's Chapel, Windsor Castle, England",2018,POSITIVE
526,526,0,Mar 13 US grounds all Boeing 737 Max aircraft after bans by others countries following the plane type's second crash in Ethiopia,2019,NEGATIVE
527,527,1,Mar 15 Climate change strikes held by school children take place around the world inspired by Swedish teenager Greta Thunberg,2019,POSITIVE
528,528,2,"Mar 23 Syrian Democratic Forces announce that the last Islamic State territory has been retaken raising flags in Baghuz, Syria and ending the five-year Islamic State ""caliphate""",2019,NEGATIVE
529,529,3,Apr 11 Sudanese President Omar al-Bashir overthrown and arrested by the army in Khartoum after 29 years in power,2019,NEGATIVE
530,530,4,Jun 9 Over 1 million people protest in Hong Kong over proposed new extradition laws to China in one of largest-ever protests in the city,2019,NEGATIVE
531,531,5,"Jul 24 Global warming is the fastest in 2,000 years and scientific consensus that humans are the cause is at 99%, according to three major reports published in journals ""Nature"" and ""Nature Geoscience""",2019,POSITIVE
532,532,6,Sep 20 Students from 185 countries stage the world's largest-ever protest on climate change culminating in Manhattan rally led by Greta Thunberg,2019,POSITIVE
533,533,7,Oct 26 Raid by US Special Forces kills ISIS founder Abu Bakr al-Baghdadi in Syria,2019,NEGATIVE
534,534,8,"Nov 23 Sumatran rhino officially declared extinct in Malaysia after last known specimen, 25-year-old Iman, dies of cancer in Sabah, Malaysian Borneo",2019,NEGATIVE
535,535,9,Dec 12 British General Election won by Boris Johnson's Conservative Party in landslide win with 80 seat majority. Scottish National Party also wins 48 of 59 seats in Scotland.,2019,POSITIVE
536,536,10,Dec 18 US House of Representatives votes to impeach President Donald Trump for abuse of power (230-197) and obstruction of Congress (229-198),2019,NEGATIVE
537,537,11,"May 6 Archie Harrison Mountbatten-Windsor, British son of the Duke and Duchess of Sussex, born in London, England",2019,POSITIVE
538,538,12,"Jan 1 Austrian women Nicole Kopaunik (37) and Daniela Paier (37) become the 1st same-sex couple to be officially married in the predominantly Catholic country, in a ceremony in Velden, southern Austria, shortly after midnight",2019,POSITIVE
539,539,13,Apr 4 Amazon's Jeff Bezos and MacKenzie Bezos agree record-breaking $35 billion divorce settlement,2019,NEGATIVE
540,540,0,"Jan 23 China locks down the city of Wuhan and its 9 million people, in a belated but ultimately successful effort to control the city's COVID-19 epidemic",2020,POSITIVE
541,541,1,"Mar 11 COVID-19 declared a pandemic by the head of the World Health Organization Tedros Adhanom Ghebreyesus, with 121,564 cases worldwide and 4,373 deaths",2020,NEGATIVE
542,542,2,"Mar 24 China's Hubei province, the original center of the COVID-19 outbreak eases restrictions on travel after a nearly two-month lockdown",2020,NEGATIVE
543,543,3,Mar 24 Indian PM Narendra Modi orders a 21 day lockdown for world's second most populous country of 1.3 billion people to deal with COVID-19,2020,NEGATIVE
544,544,4,"Apr 2 Record 6.6 million Americans filed claims for unemployment in last week according to the US Department of Labor, 10 million over 2 weeks",2020,NEGATIVE
545,545,5,"May 25 Video of African American George Floyd's arrest and murder while restrained in Minneapolis police custody shows he was pinned to the ground by police officer Derek Chauvin's knee for 8 minutes and 46 seconds, ignites widespread condemnation and nationwide protests",2020,NEGATIVE
546,546,6,"Jun 20 Highest-ever temperature recorded in the Arctic circle, 38C (100F) in Verkhoyansk, Siberia",2020,POSITIVE
547,547,7,Aug 9 Disputed Belarusian presidential election sees long time dictator Alexander Lukashenko officially win 80% of the votes but unofficially lose 60-70% of the votes to main opposition candidate Sviatlana Tsikhanouskaya. Sparks widespread protests in Belarus and international condemnation.,2020,NEGATIVE
548,548,8,"Sep 10 California's August Complex wildfire becomes largest recorded in state history at 471,000 acres (736 square miles)",2020,POSITIVE
549,549,9,"Sep 14 Astronomers report possible sign of life on Venus, after detecting phosphine in planets's atmosphere by telescope [1]",2020,NEGATIVE
550,550,10,Oct 5 US President Donald Trump leaves Walter Reed National Military Medical Center while still infectious with COVID-19 and returns to the White House,2020,POSITIVE
551,551,11,Oct 20 US Justice Department sues Google for illegal monopoly over search and search advertising,2020,NEGATIVE
552,552,12,"Nov 7 Former Vice-President Joe Biden declared the winner of the US Presidential race, four days after the US election, defeating sitting President Donald Trump",2020,POSITIVE
553,553,13,"Nov 9 Drugmakers BioNTech and Pfizer announce their COVID-19 vaccine to be over 90% effective in a first look at the results from their phase 3 trial involving nearly 44,000 people",2020,POSITIVE
554,554,14,Jul 17 England's Princess Beatrice marries Edoardo Mapelli Mozzi at Windsor Castle,2020,POSITIVE
555,555,0,Jan 4 1st Oxford-AstraZeneca COVID-19 vaccines given to the general public with 82 year old Brian Pinker in the UK first to be jabbed [1],2021,NEGATIVE
556,556,1,"Jan 6 Supporters of President Donald Trump storm US Capitol in Washington during congressional certification of Joe Biden and Kamala Harris's win, resulting in five deaths and prompting evacuation of lawmakers and vice-president Mike Pence",2021,NEGATIVE
557,557,2,"Feb 1 Military stage a coup in Myanmar, detaining civilian leaders including Aung San Suu Kyi and declare a one-year state of emergency",2021,NEGATIVE
558,558,3,"May 25 US CDC says half of all US adults are now fully vaccinated, with 61% having had their first shot",2021,NEGATIVE
559,559,4,"Jun 25 WHO head Tedros Adhanom Ghebreyesus confirms the COVID-19 Delta variant is the most transmissible to date, now present in 85 countries and spreading rapidly [1]",2021,POSITIVE
560,560,5,Jun 28 Tigray Defense Forces retake Tigray's regional capital of Mekelle in Ethiopia's Tigray War. The Ethiopian government declares a unilateral ceasefire to save face but neither side sticks to it. [1],2021,NEGATIVE
561,561,6,Aug 15 Afghan President Ashraf Ghani flees the country as Taliban forces enter the capital Kabul and take control,2021,NEGATIVE
562,562,7,"Sep 14 1 in 500 Americans have died of COVID-19 as the nation's known death toll reaches 663,913 (Johns Hopkins) [1]",2021,NEGATIVE
563,563,8,Oct 6 WHO Director-General Tedros Adhanom Ghebreyesus recommends world's first Malaria vaccine (Mosquirix) for children after a pilot program was effective in Africa [1],2021,NEGATIVE
564,564,9,"Jun 4 Lilibet Diana Mountbatten-Windsor, daughter of the Duke and Duchess of Sussex, born in Santa Barbara, California",2021,POSITIVE
565,565,10,"May 29 British Prime Minister Boris Johnson (56) marries third wife Carrie Symonds (33) at Westminster Cathedral, London",2021,POSITIVE
566,566,11,Jul 17 Radio host Bobby Bones marries Caitlin Parker at home in Nashville,2021,POSITIVE
567,567,12,"Jul 24 Lady Kitty Spencer, niece of Diana, Princess of Wales, marries retail tycoon Michael Lewis, at the Villa Aldobrandini in Frascati, Italy",2021,POSITIVE
568,568,13,May 3 Bill Gates and his wife Melinda Gates announce their divorce after 27 years,2021,NEGATIVE
569,569,0,"Feb 24 Russian leader Vladimir Putin announces the start of a “special military operation” in Ukraine to ""demilitarize"" the country moments before Russia launches a full-scale pre-dawn invasion by land, air and sea, with bombings in several cities amid international condemnation [1] [2]",2022,POSITIVE
570,570,1,"Mar 29 In a major victory for Ukraine, Russia announces it is withdrawing its badly mauled forces from around Ukraine's capital, Kyiv",2022,NEGATIVE
571,571,2,"Jun 24 US Supreme Court overturns Roe v. Wade, eliminating constitutional right to choose abortion, in a 6-3 vote [1] [2]",2022,NEGATIVE
572,572,3,"Aug 3 US House Speaker Nancy Pelosi is the first speaker to visit Taiwan in 25 years, prompting condemnation from the Chinese Communist Party [1]",2022,POSITIVE
573,573,4,"Sep 8 Queen Elizabeth II dies at Balmoral Castle after ruling for 70 years, as the UK's longest-serving monarch. Her eldest son inherits the throne as King Charles III. [1]",2022,POSITIVE
574,574,5,"Mar 23 WikiLeaks founder Julian Assange (50) marries Stella Moris in prison in Belmarsh prison, London",2022,NEGATIVE
